<?xml version="1.0" encoding="UTF-8" standalone="no"?>
<TcBusinessDataIncludes>
    <include iconfile="VF4ebusdesign_item.png"/>
    <include iconfile="VF4ebusdesign_rev.png"/>
    <include iconfile="VF4ebus_part_item.png"/>
    <include iconfile="VF4ebus_part_rev.png"/>
    <include iconfile="VF4catmaterial.png"/>
    <include iconfile="VF4_scooter_mod_16x16.png"/>
    <include iconfile="VF4_scooter_modRevision_16x16.png"/>
    <include iconfile="VF4_scooter_veh_16x16.png"/>
    <include iconfile="VF4_scooter_vehRevision_16x16.png"/>
    <include iconfile="VF4_line_itemRevision_16x16.png"/>
    <include iconfile="VF4_BP_Design_16x16.png"/>
    <include iconfile="VF4_PieceCostForm_16x16.png"/>
    <include iconfile="VF4_TargetCostForm_16x16.png"/>
    <include iconfile="VF4_BP_DesignRevision_16x16.png"/>
    <include iconfile="VF4_FMVSS_Doc_16x16.png"/>
    <include iconfile="VF4_FMVSS_DocRevision_16x16.png"/>
    <include iconfile="VF4_Plant_Form.png"/>
    <include iconfile="VF4_PFEP_Form_16x16.png"/>
    <include iconfile="VF4VF_Cost_RC.png"/>
    <include iconfile="VF4VF_Cost_Revision_RC.png"/>
    <include iconfile="VF4me-scooter-part-revision - rc.png"/>
    <include iconfile="VF4me-scooter-part - rc.png"/>
    <include iconfile="VF4ME-Part-Revision -RC.png"/>
    <include iconfile="VF4ME-Part-Item -RC.png"/>
    <include iconfile="VF4ec.png"/>
    <include iconfile="VF4ec_sup.png"/>
    <include iconfile="VF4StudyPart-Item-RC.png"/>
    <include iconfile="VF4StudyPart-Revision-RC.png"/>
    <include iconfile="VF4vf4_ddu_event_16x16.png"/>
    <include iconfile="VF4_ddu_event_revision_16x16.png"/>
    <include iconfile="VF4ES_ECN_Item.png"/>
    <include iconfile="VF4ES_ECN_ItemRev.png"/>
    <include iconfile="VF4Finished_Good.png"/>
    <include iconfile="VF4Packging_revision.png"/>
    <include iconfile="VF4Standard_revision.png"/>
    <include iconfile="VF4Semifinished_revision.png"/>
    <include iconfile="VF4Semifinished.png"/>
    <include iconfile="VF4Finished_Good_Revision.png"/>
    <include iconfile="VF4Packging_item.png"/>
    <include iconfile="VF4Non_standard_revision.png"/>
    <include iconfile="VF4Non_standard_item.png"/>
    <include iconfile="VF4Standard.png"/>
    <include iconfile="VF4_Cell_Icon.png"/>
    <include iconfile="VF4_CellRevision.png"/>
    <include iconfile="VF4VF_MP_Design_Item.png"/>
    <include iconfile="VF4VF_MP_Design_ItemRevision.png"/>
    <include iconfile="VF4flexible_part_revision_16x16.png"/>
    <include iconfile="VF4flexible_part_16x16.png"/>
    <include iconfile="VF4VFSCDDE_ItemRevision_RC.png"/>
    <include iconfile="VF4VFSCDDE_Item_RC.png"/>
    <include iconfile="VF4PR.png"/>
    <include iconfile="VF4E.png"/>
    <include iconfile="VF4P.png"/>
    <include iconfile="VF4VF.png"/>
    <include iconfile="VF4I.png"/>
    <include iconfile="VF4X.png"/>
    <include iconfile="VF4Obsolete.png"/>
    <include iconfile="VF4Frozen.png"/>
    <include iconfile="VF4PPR.png"/>
    <include iconfile="VF4JFItem.png"/>
    <include iconfile="VF4JFRevision.png"/>
    <include iconfile="VF4SupplierInfo_RC.png"/>
    <include iconfile="VF4Approved.png"/>
    <include iconfile="VF4TCBaselined.png"/>
    <include iconfile="VF4Validation.png"/>
    <include iconfile="VF4PackCell.png"/>
    <include iconfile="VF4Book_DarkGreen.png"/>
    <include iconfile="VF4FMEA.png"/>
    <include iconfile="VF4Battery.png"/>
    <include iconfile="VF4Folder.png"/>
    <include iconfile="VF4ServiceChapter-Item-RC.png"/>
    <include iconfile="VF4ServiceChapter-Item-Revision-RC.png"/>
    <include iconfile="VF4service_kit_item_rc.png"/>
    <include iconfile="VF4service_kit_item_revision_rc.png"/>
    <include iconfile="VF4Design_Revision_Link_Bom.png"/>
    <include iconfile="VF4Design_Revision.png"/>
</TcBusinessDataIncludes>
