<?xml version="1.0" encoding="UTF-8" standalone="no"?>
<!--
@<COPYRIGHT>@
==================================================
Copyright 2020.
Siemens Product Lifecycle Management Software Inc.
All Rights Reserved.
==================================================
@<COPYRIGHT>@
--><ProjectInfo>
    <NameValue key="ExternalBuild.TcRoot.solaris" value=""/>
    <NameValue key="SoaExternalBuild.SoaClientKitLocation.win64" value=""/>
    <NameValue key="SoaExternalBuild.JavaStrongClientOn.linux" value="true"/>
    <NameValue key="ExternalBuild.LinkerFlags.linux" value="-shared"/>
    <NameValue key="SoaExternalBuild.JavaStrongClientOn.win64" value="true"/>
    <NameValue key="SoaExternalBuild.SoaClientKitLocation.linux" value=""/>
    <NameValue key="ExternalBuild.TCInstallation" value=""/>
    <NameValue key="isAutoGeneratedDescriptions" value="true"/>
    <NameValue key="SoaExternalBuild.CPPClientOn.aix" value="true"/>
    <NameValue key="Codegen.Deprecation.NumberOfReleases" value="1"/>
    <NameValue key="SoaExternalBuild.NETWebtierFeatureUuid" value="06a5407b5ea4423aa5ee49f29eec3b4c"/>
    <NameValue key="ExternalBuild.Templates.Home.linux" value=""/>
    <NameValue key="SoaExternalBuild.JavaLooseClientOn.solaris" value="true"/>
    <NameValue key="ExternalBuild.CompilerFlags.solaris" value="-c -KPIC -mt -m64 -DSTEP -DAP203 -DAP214 -std=c++11 -D_STLP_CONFIG_H -erroff=nonewline -DPOSIX -DUNX -DSUN -D_SOLARIS_SOURCE -DNO_DOT_H "/>
    <NameValue key="ExternalBuild.Templates.Home.win64" value="C:\teamcenter\TR11\bmide\templates"/>
    <NameValue key="SoaExternalBuild.WSDLClientOn.solaris" value="true"/>
    <NameValue key="ProjectBackup.Database.TEMDeploy" value="false"/>
    <NameValue key="SoaExternalBuild.RacClientOn.linux" value="false"/>
    <NameValue key="ExternalBuild.Create.Make.linux" value="false"/>
    <NameValue key="SoaExternalBuild.RacClientOn.win64" value="false"/>
    <NameValue key="ExternalBuild.CompilerFlags.aix" value="-c -qcpluscmt -qrtti -qmaxmem=-1 -qalign=natural -qalias=noansi -qchars=signed -qtbtable=full -q64 -DSTEP -DAP203 -DAP214 -qnamemangling=v8 -D_XOPEN_SOURCE=500 -DPOSIX -DUNX -DAIX -DNO_DOT_H "/>
    <NameValue key="ExternalBuild.BasePath.solaris" value=""/>
    <NameValue key="SoaExternalBuild.CPPManagedClientOn.win64" value="true"/>
    <NameValue key="ExternalBuild.Create.Make.win64" value="true"/>
    <NameValue key="ProjectBackup.LocalFileSystem.EnableBackup" value="false"/>
    <NameValue key="ExternalBuild.TcRoot.win64" value=""/>
    <NameValue key="ExternalBuild.LinkCommand.aix" value="/usr/vacpp/bin/xlC_r"/>
    <NameValue key="SoaExternalBuild.CPPManagedClientOn.aix" value="true"/>
    <NameValue key="ExternalBuild.CompileCommand.linux" value="/usr/bin/g++"/>
    <NameValue key="ExternalBuild.TcRoot.aix" value=""/>
    <NameValue key="ProjectBackup.Database.LiveDeploy" value="false"/>
    <NameValue key="SoaExternalBuild.WSDLClientOn.linux" value="true"/>
    <NameValue key="ProjectBackup.LocalFileSystem.BackupReminder" value="10"/>
    <NameValue key="SoaExternalBuild.JavaStrongClientOn.solaris" value="true"/>
    <NameValue key="SoaExternalBuild.JavaLooseClientOn.linux" value="true"/>
    <NameValue key="SoaExternalBuild.CPPManagedClientOn.solaris" value="true"/>
    <NameValue key="SoaExternalBuild.JavaStrongClientOn.aix" value="true"/>
    <NameValue key="SoaExternalBuild.JavaLooseClientOn.aix" value="true"/>
    <NameValue key="Codegen.Deprecation.policy" value="true"/>
    <NameValue key="SoaExternalBuild.RacClientDependJars.win64" value=""/>
    <NameValue key="ExternalBuild.CompilerFlags.linux" value="-c -fPIC -m64 -DSTEP -DAP203 -DAP214 -std=c++11 -D_XOPEN_SOURCE=600 -DPOSIX -DNO_DOT_H -fmessage-length=0 -Wformat=2 -Wmissing-format-attribute"/>
    <NameValue key="SoaExternalBuild.CPPClientOn.linux" value="true"/>
    <NameValue key="NoKey" value="true"/>
    <NameValue key="SoaExternalBuild.NETMSBUILDLocation.win64" value="C:\WINDOWS\Microsoft.NET\Framework64\v4.0.30319"/>
    <NameValue key="ExternalBuild.LinkCommand.linux" value="/usr/bin/g++"/>
    <NameValue key="SoaExternalBuild.JavaLooseClientOn.win64" value="true"/>
    <NameValue key="ExternalBuild.BasePath.linux" value=""/>
    <NameValue key="ExternalBuild.CompileHome" value=""/>
    <NameValue key="ExternalBuild.Create.Make.aix" value="false"/>
    <NameValue key="SoaExternalBuild.SoaClientKitLocation.solaris" value=""/>
    <NameValue key="ExternalBuild.LinkerFlags.aix" value="-qmkshrobj=0 -brtl -bnolibpath -bbigtoc -bh:5 -bnoentry -qpriority=1 -q64"/>
    <NameValue key="ExternalBuild.LinkCommand.solaris" value="/opt/developerstudio12.6/bin/CC"/>
    <NameValue key="ExternalBuild.LinkerFlags.solaris" value="-G -std=c++11 -D_STLP_CONFIG_H -m64"/>
    <NameValue key="ProjectBackup.LocalFileSystem.LastBkpTime" value="2022_07_21_09-27-18"/>
    <NameValue key="Windows.Platform.OS" value="Win64-bit"/>
    <NameValue key="ExternalBuild.LinkCommand.win64" value="link"/>
    <NameValue key="ExternalBuild.Create.Make.solaris" value="false"/>
    <NameValue key="ProjectBackup.Database.EnableBackup" value="false"/>
    <NameValue key="SoaExternalBuild.CPPManagedClientOn.linux" value="true"/>
    <NameValue key="SoaExternalBuild.BundleVersion" value="11000.2.0"/>
    <NameValue key="ExternalBuild.CompileCommand.win64" value="cl"/>
    <NameValue key="Codegen.SrcDir" value="src\server"/>
    <NameValue key="SoaExternalBuild.WSDLClientOn.win64" value="true"/>
    <NameValue key="ExternalBuild.Compiler.Home.win64" value=""/>
    <NameValue key="ExternalBuild.TcRoot.linux" value=""/>
    <NameValue key="SoaExternalBuild.SoaClientKitLocation.aix" value=""/>
    <NameValue key="SoaExternalBuild.NETClientOn.win64" value="true"/>
    <NameValue key="ExternalBuild.BasePath.win64" value="C:/teamcenter/TR11/bmide/workspace/11000.2.0/vf3vinfastcore"/>
    <NameValue key="SoaExternalBuild.RacClientDependJars.linux" value=""/>
    <NameValue key="ExternalBuild.Templates.Home.aix" value=""/>
    <NameValue key="ExternalBuild.CompilerFlags.win64" value="-MD -c -nologo -EHsc -FS -FI %TC_ROOT%/include/msvcpragmas.h -DSTEP -DAP203 -DAP214 -DWIN32_LEAN_AND_MEAN -DWNT -D_WIN32_WINNT=0x0601 -DWINVER=0x0601 -DNTDDI_VERSION=0x06010000 -D_CRT_SECURE_NO_DEPRECATE -D_CRT_NONSTDC_NO_DEPRECATE -DWNT -D_WIN32 -DWIN32 -D_WIN64 -D_INTEL=1 -DCRTAPI1=_cdecl -DCRTAPI2=cdecl -DNO_DOT_H -W3 /Wv:19.19 /w14848 /w15051 /w14854"/>
    <NameValue key="ExternalBuild.BasePath.aix" value=""/>
    <NameValue key="Codegen.Namespace" value="vf3vinfastcore"/>
    <NameValue key="ExternalBuild.CompileCommand.aix" value="/usr/vacpp/bin/xlC_r"/>
    <NameValue key="SoaExternalBuild.CPPClientOn.solaris" value="true"/>
    <NameValue key="ExternalBuild.CompileCommand.solaris" value="/opt/developerstudio12.6/bin/CC"/>
    <NameValue key="ExternalBuild.LinkerFlags.win64" value="-dll -debug -nologo -nodefaultlib -incremental:no -subsystem:console -dynamicbase -nxcompat"/>
    <NameValue key="SoaExternalBuild.WSDLClientOn.aix" value="true"/>
    <NameValue key="Codegen.Copyright" value="Copyright $CURRENT_YEAR.&#10;Siemens Product Lifecycle Management Software Inc.&#10;All Rights Reserved."/>
    <NameValue key="ExternalBuild.Templates.Home.solaris" value=""/>
    <NameValue key="SoaExternalBuild.CPPClientOn.win64" value="true"/>
</ProjectInfo>
