<?xml version="1.0" encoding="UTF-8"?>
<TcBusinessData xmlns="http://teamcenter.com/BusinessModel/TcBusinessData" batchXSDVersion="1.0" Date="Thu Oct 21 03:06:13 PM 2021">
  <Add/>
  <Change>
    <TcLOV name="Vf6_variant_lov" lovType="ListOfValuesString" usage="Exhaustive" description="" isManagedExternally="true">
      <TcLOVValue value="ECO" description="" conditionName="isTrue"/>
      <TcLOVValue value="PLUS" description="" conditionName="isTrue"/>
      <TcLOVValue value="PREMIUM" description="" conditionName="isTrue"/>
      <TcLOVValue value="SEDAN" description="" conditionName="isTrue"/>
      <TcLOVValue value="VF GREEN - BUS" description="" conditionName="isTrue"/>
      <TcLOVValue value="VF GREEN - BUS - JEE" description="" conditionName="isTrue"/>
      <TcLOVValue value="VF GREEN - BUS - S" description="" conditionName="isTrue"/>
      <TcLOVValue value="VF VinBus" description="" conditionName="isTrue"/>
    </TcLOV>
  </Change>
</TcBusinessData>
