<?xml version="1.0" encoding="UTF-8"?>
<TcBusinessData xmlns="http://teamcenter.com/BusinessModel/TcBusinessData" batchXSDVersion="1.0" Date="Thu Oct 21 03:06:13 PM 2021">
  <Add/>
  <Change>
    <TcLOV name="Vf6_vehicle_type_lov" lovType="ListOfValuesString" usage="Exhaustive" description="" isManagedExternally="true">
      <TcLOVValue value="BEV" description="" conditionName="isTrue"/>
      <TcLOVValue value="ICE" description="" conditionName="isTrue"/>
      <TcLOVValue value="Hybrid" description="" conditionName="isTrue"/>
    </TcLOV>
  </Change>
</TcBusinessData>
