<?xml version="1.0" encoding="UTF-8"?>
<TcBusinessData xmlns="http://teamcenter.com/BusinessModel/TcBusinessData" batchXSDVersion="1.0" Date="Thu Oct 21 03:06:13 PM 2021">
  <Add/>
  <Change>
    <TcLOV name="Vf6_release_combination_on_ECR" lovType="ListOfValuesString" usage="Exhaustive" description="" isManagedExternally="true">
      <TcLOVValue value="P Release" description="" conditionName="isTrue"/>
      <TcLOVValue value="I Release" description="" conditionName="isTrue"/>
      <TcLOVValue value="PR Release" description="" conditionName="isTrue"/>
      <TcLOVValue value="PPR Release" description="" conditionName="isTrue"/>
      <TcLOVValue value="P Release &amp; I Release" description="" conditionName="isTrue"/>
      <TcLOVValue value="I Release &amp; PR Release" description="" conditionName="isTrue"/>
      <TcLOVValue value="P Release &amp; I Release &amp; PR Release &amp; PPR Release" description="" conditionName="isTrue"/>
    </TcLOV>
  </Change>
</TcBusinessData>