<?xml version="1.0" encoding="UTF-8"?>
<TcBusinessData xmlns="http://teamcenter.com/BusinessModel/TcBusinessData" batchXSDVersion="1.0"
  Date="Wed Dec 16 11:57:09 AM 2020">
  <Add />
  <Change>
    <TcLOV name="Vf6_source_trigger_MCN_lov" lovType="ListOfValuesString" usage="Exhaustive"
      description="" isManagedExternally="true">
      <TcLOVValue conditionName="isTrue" value="ECR/ECN" />
      <TcLOVValue conditionName="isTrue" value="MCR" />
      <TcLOVValue conditionName="isTrue" value="DCR" />
      <TcLOVValue conditionName="isTrue" value="Other" />
    </TcLOV>
  </Change>
</TcBusinessData>