<?xml version="1.0" encoding="UTF-8"?>
<TcBusinessData xmlns="http://teamcenter.com/BusinessModel/TcBusinessData" batchXSDVersion="1.0"
    Date="Thu Oct 07 03:19:21 PM 2021">
  <Add/>
  <Change>
    <TcLOV name="Vf6_MBOM_Change_Action" lovType="ListOfValuesString" usage="Exhaustive"
        description="" isManagedExternally="true">
      <TcLOVValue value="Add" description="" conditionName="isTrue"/>
      <TcLOVValue value="Delete" description="" conditionName="isTrue"/>
      <TcLOVValue value="Replace" description="" conditionName="isTrue"/>
    </TcLOV>
  </Change>
</TcBusinessData>
