<?xml version="1.0" encoding="UTF-8"?>
<TcBusinessData xmlns="http://teamcenter.com/BusinessModel/TcBusinessData" batchXSDVersion="1.0" Date="Wed Jul 28 10:55:50 AM 2021">
  <Add/>
  <Change>
    <TcLOV name="Vf6_list_year_lov" lovType="ListOfValuesString" usage="Exhaustive" description="" isManagedExternally="true">
      <TcLOVValue value="2019" description="" conditionName="isTrue"/>
      <TcLOVValue value="2020" description="" conditionName="isTrue"/>
      <TcLOVValue value="2021" description="" conditionName="isTrue"/>
      <TcLOVValue value="2022" description="" conditionName="isTrue"/>
      <TcLOVValue value="2023" description="" conditionName="isTrue"/>
      <TcLOVValue value="2024" description="" conditionName="isTrue"/>
      <TcLOVValue value="2025" description="" conditionName="isTrue"/>
      <TcLOVValue value="2026" description="" conditionName="isTrue"/>
      <TcLOVValue value="2027" description="" conditionName="isTrue"/>
      <TcLOVValue value="2028" description="" conditionName="isTrue"/>
      <TcLOVValue value="2029" description="" conditionName="isTrue"/>
      <TcLOVValue value="2030" description="" conditionName="isTrue"/>
    </TcLOV>
  </Change>
</TcBusinessData>
