<?xml version="1.0" encoding="UTF-8"?>
<TcBusinessData xmlns="http://teamcenter.com/BusinessModel/TcBusinessData" batchXSDVersion="1.0" Date="Tue Dec 07 02:20:50 PM 2021">
  <Add/>
  <Change>
    <TcLOV name="VF3_mat_group_lov" lovType="ListOfValuesString" usage="Exhaustive" description="" isManagedExternally="true">
      <TcLOVValue value="ACP" description="" conditionName="isTrue"/>
      <TcLOVValue value="APP" description="" conditionName="isTrue"/>
      <TcLOVValue value="ASY" description="" conditionName="isTrue"/>
      <TcLOVValue value="BDP" description="" conditionName="isTrue"/>
      <TcLOVValue value="BOL" description="" conditionName="isTrue"/>
      <TcLOVValue value="BRA" description="" conditionName="isTrue"/>
      <TcLOVValue value="BTP" description="" conditionName="isTrue"/>
      <TcLOVValue value="CHG" description="" conditionName="isTrue"/>
      <TcLOVValue value="CNI" description="" conditionName="isTrue"/>
      <TcLOVValue value="CVC" description="" conditionName="isTrue"/>
      <TcLOVValue value="DRT" description="" conditionName="isTrue"/>
      <TcLOVValue value="ELE" description="" conditionName="isTrue"/>
      <TcLOVValue value="FIR" description="" conditionName="isTrue"/>
      <TcLOVValue value="FRA" description="" conditionName="isTrue"/>
      <TcLOVValue value="FWH" description="" conditionName="isTrue"/>
      <TcLOVValue value="LID" description="" conditionName="isTrue"/>
      <TcLOVValue value="LIQ" description="" conditionName="isTrue"/>
      <TcLOVValue value="MEC" description="" conditionName="isTrue"/>
      <TcLOVValue value="PBA" description="" conditionName="isTrue"/>
      <TcLOVValue value="PCB" description="" conditionName="isTrue"/>
      <TcLOVValue value="RWH" description="" conditionName="isTrue"/>
      <TcLOVValue value="RWT" description="" conditionName="isTrue"/>
      <TcLOVValue value="SAE" description="" conditionName="isTrue"/>
      <TcLOVValue value="SOF" description="" conditionName="isTrue"/>
      <TcLOVValue value="SST" description="" conditionName="isTrue"/>
      <TcLOVValue value="SUS" description="" conditionName="isTrue"/>
      <TcLOVValue value="SVC" description="" conditionName="isTrue"/>
      <TcLOVValue value="SVK" description="" conditionName="isTrue"/>
      <TcLOVValue value="TRS" description="" conditionName="isTrue"/>
      <TcLOVValue value="UG3" description="" conditionName="isTrue"/>
      <TcLOVValue value="UNT" description="" conditionName="isTrue"/>
      <TcLOVValue value="UTI" description="" conditionName="isTrue"/>
      <TcLOVValue value="WRO" description="" conditionName="isTrue"/>
      <TcLOVValue value="WVN" description="" conditionName="isTrue"/>
    </TcLOV>
  </Change>
</TcBusinessData>
