<?xml version="1.0" encoding="UTF-8"?>
<TcBusinessData xmlns="http://teamcenter.com/BusinessModel/TcBusinessData" batchXSDVersion="1.0" Date="Thu Dec 24 09:55:06 AM 2020">
	<Add/>
	<Change>
		<TcLOV name="VF4_VFSW_TypeOfChangeReq_LOV" lovType="ListOfValuesString" usage="Exhaustive" description="" isManagedExternally="true">
			<TcLOVValue value="Add" description="" conditionName="isTrue"/>
			<TcLOVValue value="Remove" description="" conditionName="isTrue"/>
			<TcLOVValue value="Update" description="" conditionName="isTrue"/>
			<TcLOVValue value="Enable/Disable feature" description="" conditionName="isTrue"/>
			<TcLOVValue value="Configuration" description="" conditionName="isTrue"/>
			<TcLOVValue value="Calibration" description="" conditionName="isTrue"/>
		</TcLOV>
	</Change>
</TcBusinessData>
