<?xml version="1.0" encoding="UTF-8"?>
<TcBusinessData xmlns="http://teamcenter.com/BusinessModel/TcBusinessData" batchXSDVersion="1.0"
    Date="Fri Dec 16 03:47:12 PM 2022">
  <Add/>
  <Change>
    <TcLOV name="VF4_soft_tool_data_used_lov" lovType="ListOfValuesString" usage="Exhaustive"
        description="Data used for Soft Tool LOV" isManagedExternally="true">
      <TcLOVValue value="S" description="S" conditionName="isTrue" />
      <TcLOVValue value="P" description="P" conditionName="isTrue" />
      <TcLOVValue value="I" description="I" conditionName="isTrue" />
      <TcLOVValue value="PR" description="PR" conditionName="isTrue" />
      <TcLOVValue value="PPR" description="PPR" conditionName="isTrue" />
    </TcLOV>
  </Change>
</TcBusinessData>
