<?xml version="1.0" encoding="UTF-8"?>
<TcBusinessData xmlns="http://teamcenter.com/BusinessModel/TcBusinessData" batchXSDVersion="1.0"
    Date="Tue Feb 18 02:27:50 PM 2020">
  <Add/>
  <Change>
    <TcLOV name="VF4_EScooter_donor_veh_lov" lovType="ListOfValuesString" usage="Exhaustive"
        description="" isManagedExternally="true">
      <TcLOVValue value="A1" description="" conditionName="isTrue"/>
      <TcLOVValue value="A2" description="" conditionName="isTrue"/>
      <TcLOVValue value="V5 City" description="" conditionName="isTrue"/>
      <TcLOVValue value="VK Sport" description="" conditionName="isTrue"/>
      <TcLOVValue value="VK City" description="" conditionName="isTrue"/>
    </TcLOV>
  </Change>
</TcBusinessData>
