<?xml version="1.0" encoding="UTF-8"?>
<TcBusinessData xmlns="http://teamcenter.com/BusinessModel/TcBusinessData" batchXSDVersion="1.0" Date="Wed Aug 12 11:21:28 AM 2020">
  <Add/>
  <Change>
    <TcLOV name="VF4_as_purchasing_region_lov" lovType="ListOfValuesString" usage="Exhaustive" description="" isManagedExternally="true">
      <TcLOVValue value="Canada" description="" conditionName="isTrue"/>
      <TcLOVValue value="EU" description="" conditionName="isTrue"/>
      <TcLOVValue value="USA" description="" conditionName="isTrue"/>
    </TcLOV>
  </Change>
</TcBusinessData>
