<?xml version="1.0" encoding="UTF-8"?>
<TcBusinessData xmlns="http://teamcenter.com/BusinessModel/TcBusinessData" batchXSDVersion="1.0" Date="Thu Oct 21 03:06:52 PM 2021">
  <Add/>
  <Change>
    <TcLOV name="VF4_category_me_part_vines_lov" lovType="ListOfValuesString" usage="Exhaustive" description="" isManagedExternally="true">
      <TcLOVValue value="Assembly" description="" conditionName="isTrue"/>
      <TcLOVValue value="Formation" description="" conditionName="isTrue"/>
      <TcLOVValue value="Washing" description="" conditionName="isTrue"/>
    </TcLOV>
  </Change>
</TcBusinessData>