<?xml version="1.0" encoding="UTF-8"?>
<TcBusinessData xmlns="http://teamcenter.com/BusinessModel/TcBusinessData" batchXSDVersion="1.0" Date="Thu Oct 21 03:06:13 PM 2021">
  <Add/>
  <Change>
    <TcLOV name="VF4_Market" lovType="ListOfValuesString" usage="Exhaustive" description="" isManagedExternally="true">
      <TcLOVValue value="M01A" description="M01A" conditionName="isTrue"/>
      <TcLOVValue value="M01B" description="M01B" conditionName="isTrue"/>
      <TcLOVValue value="M01C" description="M01C" conditionName="isTrue"/>
      <TcLOVValue value="M01D" description="M01D" conditionName="isTrue"/>
      <TcLOVValue value="M01E" description="M01E" conditionName="isTrue"/>
      <TcLOVValue value="M01F" description="M01F" conditionName="isTrue"/>
      <TcLOVValue value="M010" description="M010" conditionName="isTrue"/>
      <TcLOVValue value="M011" description="M011" conditionName="isTrue"/>
      <TcLOVValue value="M012" description="M012" conditionName="isTrue"/>
      <TcLOVValue value="M013" description="M013" conditionName="isTrue"/>
      <TcLOVValue value="M014" description="M014" conditionName="isTrue"/>
      <TcLOVValue value="M015" description="M015" conditionName="isTrue"/>
    </TcLOV>
  </Change>
</TcBusinessData>
