<?xml version="1.0" encoding="UTF-8"?>
<TcBusinessData xmlns="http://teamcenter.com/BusinessModel/TcBusinessData" batchXSDVersion="1.0"
    Date="Mon Jun 17 10:32:07 PM 2019">
  <Add/>
  <Change>
    <TcLOV name="VF4_cuv_mule_type_lov" lovType="ListOfValuesString" usage="Exhaustive"
        description="" isManagedExternally="true">
      <TcLOVValue value="Mule 1" description="" conditionName="isTrue"/>
	  <TcLOVValue value="Mule 2" description="" conditionName="isTrue"/>
	  <TcLOVValue value="Mule 3" description="" conditionName="isTrue"/>
	  <TcLOVValue value="Mule 4" description="" conditionName="isTrue"/>
	  <TcLOVValue value="Mule 5" description="" conditionName="isTrue"/>
	  <TcLOVValue value="Mule 6" description="" conditionName="isTrue"/>
	  <TcLOVValue value="Mule 7" description="" conditionName="isTrue"/>
	  <TcLOVValue value="Mule 8" description="" conditionName="isTrue"/>
	  <TcLOVValue value="Mule 9" description="" conditionName="isTrue"/>
	  <TcLOVValue value="Mule 10" description="" conditionName="isTrue"/>
	  <TcLOVValue value="Mule 11" description="" conditionName="isTrue"/>
	  <TcLOVValue value="Mule 12" description="" conditionName="isTrue"/>
	  <TcLOVValue value="Common" description="" conditionName="isTrue"/>
	  
    </TcLOV>
  </Change>
</TcBusinessData>
