<?xml version="1.0" encoding="UTF-8"?>
<TcBusinessData xmlns="http://teamcenter.com/BusinessModel/TcBusinessData" batchXSDVersion="1.0"
    Date="Wed Oct 02 11:43:39 PM 2019">
  <Add/>
  <Change>
    <TcLOV name="VF4_Long_Short_Lead" lovType="ListOfValuesString" usage="Exhaustive"
        description="" isManagedExternally="true">
      <TcLOVValue value="Long Lead Part" description="" conditionName="isTrue"/>
      <TcLOVValue value="Short Lead Part" description="" conditionName="isTrue"/>
      <TcLOVValue value="Medium Lead Part" description="" conditionName="isTrue"/>
    </TcLOV>
  </Change>
</TcBusinessData>
