<?xml version="1.0" encoding="UTF-8"?>
<TcBusinessData xmlns="http://teamcenter.com/BusinessModel/TcBusinessData" batchXSDVersion="1.0" Date="Mon Jun 17 10:32:07 PM 2019">
  <Add/>
  <Change>
    <TcLOV name="VF4_cuv_veh_type_lov" lovType="ListOfValuesString" usage="Exhaustive" description="LOV CUV Vehicle Type" isManagedExternally="true">
      <TcLOVValue value="Base" description="" conditionName="isTrue"/>
      <TcLOVValue value="LHD" description="" conditionName="isTrue"/>
      <TcLOVValue value="Premium" description="" conditionName="isTrue"/>
      <TcLOVValue value="RHD" description="" conditionName="isTrue"/>
      <TcLOVValue value="CUV-I" description="" conditionName="isTrue"/>
      <TcLOVValue value="CUV-B" description="" conditionName="isTrue"/>
      <TcLOVValue value="COMMON" description="" conditionName="isTrue"/>
    </TcLOV>
  </Change>
</TcBusinessData>
