<?xml version="1.0" encoding="UTF-8"?>
<TcBusinessData xmlns="http://teamcenter.com/BusinessModel/TcBusinessData" batchXSDVersion="1.0" Date="Fri Oct 22 11:36:29 AM 2021">
  <Add/>
  <Change>
    <TcLOV name="VF4_FuSA" lovType="ListOfValuesString" usage="Exhaustive" description="" isManagedExternally="true">
      <TcLOVValue value="1" description="" conditionName="isTrue"/>
      <TcLOVValue value="2" description="" conditionName="isTrue"/>
      <TcLOVValue value="3" description="" conditionName="isTrue"/>
      <TcLOVValue value="4" description="" conditionName="isTrue"/>
    </TcLOV>
  </Change>
</TcBusinessData>
