<?xml version="1.0" encoding="UTF-8"?>
<TcBusinessData xmlns="http://teamcenter.com/BusinessModel/TcBusinessData" batchXSDVersion="1.0" Date="Thu Oct 21 03:06:52 PM 2021">
  <Add/>
  <Change>
    <TcLOV name="VF4_VES_Model_ME_Part_LOV" lovType="ListOfValuesString" usage="Exhaustive" description="" isManagedExternally="true">
      <TcLOVValue description="" conditionName="isTrue" value="Battery Escooter C1.6"/>
      <TcLOVValue description="" conditionName="isTrue" value="Battery VFe33"/>
      <TcLOVValue description="" conditionName="isTrue" value="Gen 1/1.5"/>
      <TcLOVValue description="" conditionName="isTrue" value="Gen 1.6"/>
      <TcLOVValue description="" conditionName="isTrue" value="Gen 1.8"/>
      <TcLOVValue description="" conditionName="isTrue" value="Gen 2"/>
      <TcLOVValue description="" conditionName="isTrue" value="Gen 5.1_Prismatic"/>
      <TcLOVValue description="" conditionName="isTrue" value="Gen 5.2_Prismatic"/>
      <!-- <TcLOVValue description="" conditionName="isTrue" value="Gen 6"/> -->
      <TcLOVValue description="" conditionName="isTrue" value="Battery ESC 1.2/2.0 KWH"/>
    </TcLOV>
  </Change>
</TcBusinessData>
