<?xml version="1.0" encoding="UTF-8"?>
<TcBusinessData xmlns="http://teamcenter.com/BusinessModel/TcBusinessData" batchXSDVersion="1.0" Date="Thu Oct 21 03:06:52 PM 2021">
  <Add/>
  <Change>
    <TcLOV name="VF4_export_type_lov" lovType="ListOfValuesString" usage="Exhaustive" description="" isManagedExternally="true">
      <TcLOVValue value="Default" description="" conditionName="isTrue"/>
      <TcLOVValue value="Export PDF Only" description="" conditionName="isTrue"/>
      <TcLOVValue value="Export JT Only" description="" conditionName="isTrue"/>
      <TcLOVValue value="Export 2D Only" description="" conditionName="isTrue"/>
      <TcLOVValue value="Export 3D Only" description="" conditionName="isTrue"/>
    </TcLOV>
  </Change>
</TcBusinessData>
