<?xml version="1.0" encoding="UTF-8"?>
<TcBusinessData xmlns="http://teamcenter.com/BusinessModel/TcBusinessData" batchXSDVersion="1.0" Date="Thu Dec 24 09:55:06 AM 2020">
	<Add/>
	<Change>
		<TcLOV name="VF4_target_vehicle_VFSW_LOV" lovType="ListOfValuesString" usage="Exhaustive" description="" isManagedExternally="true">
			<TcLOVValue value="VF5" description="" conditionName="isTrue"/>
			<TcLOVValue value="VF6" description="" conditionName="isTrue"/>
			<TcLOVValue value="VF7" description="" conditionName="isTrue"/>
			<TcLOVValue value="VF8" description="" conditionName="isTrue"/>
			<TcLOVValue value="VF9" description="" conditionName="isTrue"/>
		</TcLOV>
	</Change>
</TcBusinessData>
