<?xml version="1.0" encoding="UTF-8"?>
<TcBusinessData xmlns="http://teamcenter.com/BusinessModel/TcBusinessData" batchXSDVersion="1.0"
    Date="Thu Jan 27 09:18:37 AM 2022">
  <Add/>
  <Change>
    <TcLOV name="VF4_Software_Part_Type" lovType="ListOfValuesString" usage="Exhaustive"
        description="" isManagedExternally="true">
      <TcLOVValue value="CAL" description="CAL" conditionName="isTrue"/>
      <TcLOVValue value="CAL2-10" description="CAL2-10" conditionName="isTrue"/>
      <TcLOVValue value="FDRV" description="FDRV" conditionName="isTrue"/>
      <TcLOVValue value="FONT" description="FONT" conditionName="isTrue"/>
      <TcLOVValue value="HMI" description="HMI" conditionName="isTrue"/>
      <TcLOVValue value="HW" description="HW" conditionName="isTrue"/>
      <TcLOVValue value="PURCHASE" description="PURCHASE" conditionName="isTrue"/>
      <TcLOVValue value="SW" description="SW" conditionName="isTrue"/>
      <TcLOVValue value="SW_APP" description="SW_APP" conditionName="isTrue"/>
      <TcLOVValue value="SW_BASIC" description="SW_BASIC" conditionName="isTrue"/>
      <TcLOVValue value="SW2-10" description="SW2-10" conditionName="isTrue"/>
      <TcLOVValue value="TBOX" description="TBOX" conditionName="isTrue"/>
      <TcLOVValue value="VDS" description="VDS" conditionName="isTrue"/>
      <TcLOVValue value="XML" description="XML" conditionName="isTrue"/>
      <TcLOVValue value="In House" description="In House" conditionName="isTrue"/>
    </TcLOV>
  </Change>
</TcBusinessData>
