<?xml version="1.0" encoding="UTF-8" standalone="no"?>
<!--
    Document   : feature_vf4vinfastextend.xml
    Description: This XML is used by TEM to install or upgrade the "vf4vinfastextend" solution.
--><feature>
                                                
    
    
    
    
    
    
    
    
    
    
    <name value="vinfastextend"/>
                                                
    
    
    
    
    
    
    
    
    
    
    <property name="feature_name" value="vf4vinfastextend"/>
                                                
    
    
    
    
    
    
    
    
    
    
    <group value="package"/>
                                                
    
    
    
    
    
    
    
    
    
    
    <guid value="654DFA526BDB4025E7899AE0034139B4"/>
                                                
    
    
    
    
    
    
    
    
    
    
    <bundle value="${feature_name}Bundle.xml"/>
                                                
    
    
    
    
    
    
    
    
    
    
    <description value="${feature_name}.description"/>
                                                
    
    
    
    
    
    
    
    
    
    
    <include file="dataModelDependency.xml"/>
    <relation>
        <depends name="aps0apscore" value="C48D31DEEAB44695153AEBF6FF96864D"/>
        <depends name="aws2" value="EF6284519D32B8DADCF0F05213AF807B"/>
        <depends name="cm" value="E9B8A3F6B7B53AE540DCC54C13B3C201"/>
        <depends name="integration4catia" value="59B926EA93441782FB857D63FD203531"/>
        <depends name="materialmgmt" value="D8B1E07653BB28A09F52C2FAAF18553A"/>
        <depends name="srh0apsconfiguredsearch" value="B021413FCA884F4CA074016F279FCEE8"/>
        <depends name="translationservice" value="301F12B06B3EAAB18DC0C2B9444F3B20"/>
        <depends name="vendormanagement" value="7EB052BF7B4039A2BB8C9F98009DD22D"/>
        <depends name="activeworkspacebom" value="0F47FD6920230AC9CFDB79C9AC941ADA"/>
        <depends name="bcs0buildconditions" value="BF1DC0AB2E00C422EC2DB63F3B960562"/>
        <depends name="issuemgmt" value="AB97AAAC46471B7D5DC94C8A46E528ED"/>
        <depends name="qam0qualityactionmgmt" value="F7CBDB2C3D52F517BBBB6703F221B844"/>
        <depends name="sc0suppliercollaboration" value="74F3F7E49CE0552DD1869BBB12B6AABE"/>
        <depends name="subscmpl" value="ED7F19FD2239699B9CE2B798DE66A8C4"/>
        <depends name="Cm1cmaws" value="B75C673EA57FD9D5EBEF544DE7F07F4E"/>
        <depends name="caw0capaonawc" value="9AF5AA5FA6976DF6DAC9E98D71C4275F"/>
        <depends name="cfg0configurator" value="0B0888D6D9955ACA4F9B6B51C3EF2063"/>
        <depends name="cpa0capadatamodel" value="0E2AFA98B56C2293013678ED143378EE"/>
        <depends name="sci0imdsintegration" value="83333E342D22845481D30889AAAC19B6"/>
        <depends name="vl5vinfastscp" value="6EC1BCDD18288559D70695991B569A89"/>
        <depends name="smc0psmcfgsupport" value="01BA0C24064341C0079FE9A560C1B935"/>
        <depends name="vf3vinfastcore" value="9635C5C80070209E5D9EF837A94665D0"/>
    </relation>
    <feature>
                                                                                                
        
        
        
        
        
        
        
        
        
        
        <!--  Feature: Data Model -->
                                                                                                
        
        
        
        
        
        
        
        
        
        
        <name value="Data Model"/>
                                                                                                
        
        
        
        
        
        
        
        
        
        
        <property name="feature_id" value="datamodel"/>
                                                                                                
        
        
        
        
        
        
        
        
        
        
        <property name="bmide_optional" value="false"/>
                                                                                                
        
        
        
        
        
        
        
        
        
        
        <property name="template_name" value="${feature_name}"/>
                                                                                                
        
        
        
        
        
        
        
        
        
        
        <property name="template_file" value="${template_name}_template.xml"/>
                                                                                                
        
        
        
        
        
        
        
        
        
        
        <root value="true"/>
                                                                                                
        
        
        
        
        
        
        
        
        
        
        <bundle value="${template_name}Bundle.xml"/>
                                                                                                
        
        
        
        
        
        
        
        
        
        
        <description value="${template_name}.description"/>
                                                                                                
        
        
        
        
        
        
        
        
        
        
        <guid value="BA8A0B480C245A0562C0B0519DA0DB4A"/>
                                                                                                
        
        
        
        
        
        
        
        
        
        
        <include file="coreDataModel2.xml"/>
                                                                                                
        
        
        
        
        
        
        
        
        
        
        <include file="generatePlmxmlSchema.xml"/>
    </feature>
                                                
    
    
    
    
    
    
    
    
    
    
    <feature>
                                                                                                
        
        
        
        
        
        
        
        
        
        
        <!--   Feature: Runtime Server -->
                                                                                                
        
        
        
        
        
        
        
        
        
        
        <name value="Runtime Server"/>
                                                                                         
        
        
        
        
        
        
        
        
        
        
        
        <property name="feature_id" value="rtserver"/>
                                                                                                
        
        
        
        
        
        
        
        
        
        
        <property name="bmide_optional" value="true"/>
                                                                                                
        
        
        
        
        
        
        
        
        
        
        <bundle value="${feature_name}Bundle.xml"/>
                                                                                                
        
        
        
        
        
        
        
        
        
        
        <description value="${feature_name}.description"/>
                                                                                                
        
        
        
        
        
        
        
        
        
        
        <guid value="EA5CB4E06378EDEDFFC4D94227699CD7"/>
                                                                                                
        
        
        
        
        
        
        
        
        
        
        <!-- Set to true/false if there is an rtserver component   -->
                                                                                                
        
        
        
        
        
        
        
        
        
        
        <property name="template_rtserver" value="false"/>
                                                                                                
        
        
        
        
        
        
        
        
        
        
        <property name="rtserver_file" value="${feature_name}_rtserver.zip"/>
                                                                                                
        
        
        
        
        
        
        
        
        
        
        <files>
                                                                                                                                                
            
            
            
            
            
            
            
            
            
            
            <code>
                                                                                                                                                                                                
                
                
                
                
                
                
                
                
                
                
                <unzip file="${rtserver_file}"/>
                                                                                                                                                                                            
            
            
            
            
            
            
            
            
            
            
            </code>
                                                                                                                                            
        
        
        
        
        
        
        
        
        
        
        </files>
                                                                                                
        
        
        
        
        
        
        
        
        
        
        <install>
                                                                                                                                                
            
            
            
            
            
            
            
            
            
            
            <code>
                                                                                                                                                                                                
                
                
                
                
                
                
                
                
                
                
                <textserver file="emh_text.xml" include="${feature_name}_errors.xml"/>
                                                                                                                                                                                                
                
                
                
                
                
                
                
                
                
                
                <textserver file="tc_text.xml" include="${feature_name}_text.xml"/>
                                                                                                                                                                                            
            
            
            
            
            
            
            
            
            
            
            </code>
                                                                                                                                            
        
        
        
        
        
        
        
        
        
        
        </install>
                                                                                                
        
        
        
        
        
        
        
        
        
        
        <upgrade>
                                                                                                                                                
            
            
            
            
            
            
            
            
            
            
            <code>
                                                                                                                                                                                                
                
                
                
                
                
                
                
                
                
                
                <textserver file="emh_text.xml" include="${feature_name}_errors.xml"/>
                                                                                                                                                                                                
                
                
                
                
                
                
                
                
                
                
                <textserver file="tc_text.xml" include="${feature_name}_text.xml"/>
                                                                                                                                                                                            
            
            
            
            
            
            
            
            
            
            
            </code>
                                                                                                                                            
        
        
        
        
        
        
        
        
        
        
        </upgrade>
                                                                                            
    
    
    
    
    
    
    
    
    
    
    </feature>
    <dependencyReferences>
        <reference name="foundation" value="8C061DD51E13E0CB9DC4687B1A3348BE"/>
    </dependencyReferences>
</feature>
