<?xml version="1.0" encoding="UTF-8" standalone="no"?>
<TcBusinessDataIncludes>
    <include iconfile="VF3CMF_Revision_RC16x16.png"/>
    <include iconfile="VF3CMF_Item_RC16x16.png"/>
    <include iconfile="VF3DTSS-RC-Item.png"/>
    <include iconfile="VF3DTSS-RC-ItemRevision.png"/>
    <include iconfile="VF3VTSS-Item-RC.png"/>
    <include iconfile="VF3DVPR-ITEM-RC.png"/>
    <include iconfile="VF3DVPR-ITEMREVISION-RC.png"/>
    <include iconfile="VF3VTSS-ItemRevision-RC.png"/>
    <include iconfile="VF3VFTE-Item-RC.png"/>
    <include iconfile="VF3VFTE-Revision-RC.png"/>
    <include iconfile="VF3CAE.png"/>
</TcBusinessDataIncludes>
