<?xml version="1.0" encoding="utf-8" standalone="no"?>
<!--
================================================================================
Copyright 2017.
Siemens Product Lifecycle Management Software Inc.
All Rights Reserved.
================================================================================
-->
<media>
    <product_id>Teamcenter</product_id>
    <product_display_name>Teamcenter</product_display_name>
    <application_id>vf3vinfastcore</application_id>
    <application_display_name>VinfastCore</application_display_name>
    <version>1.0</version>
    <customer>All</customer>
    <rtm_type>Major</rtm_type>
    <parent_release/>
    <platform/>
    <description>vinfastcore</description>
    <application_dependency/>
    <supported_upgrade_paths/>
</media>
